Food,Color,January,February,March,April,May,June,July,August,September,October,November,December
Apples,red;green;yellow,WA;CA;ID;MT;WY;UT;CO;MN;SC;RI;ME,WA;CA;ID;MT;WY;CO;CO;MN;SC;RI;ME,WA;CA;ID;MT;WY;CO;SD;MN;RI;ME,WA;CA;ID;MT;WY;CO;RI;ME,WA;CA;ID;MT;WY;CO;RI;ME,WA;CA;ID;MT;WY;CO;RI;ME;TX;IL;MO;TN,WA;CA;ID;MT;RI;ME;TX;IL;MO;TN;OR;OK;NB;IA;IN;OH;KY;WV;VA;AL;MS;LA;DE;NJ;CT,WA;CA;ID;MT;RI;ME;TX;IL;MO;TN;OR;OK;NB;IA;IN;OH;KY;WV;VA;AL;MS;LA;DE;NJ;NV;MA;UT;AZ;NM;MI;NC;GA;CT;NH;VT;AK;CO;MD;AR,WA;CA;ID;MT;RI;ME;TX;IL;MO;TN;OR;OK;NB;IA;IN;OH;KY;WV;VA;AL;MS;LA;DE;NJ;MN;NV;MA;UT;AZ;NM;MI;NC;GA;CT;NH;VT;AK;CO;MD;AR;SC,WA;CA;ID;MT;RI;ME;TX;IL;MO;TN;OR;OK;NB;IA;IN;OH;KY;WV;VA;AL;MS;LA;DE;NJ;MN;NV;MA;UT;AZ;NM;MI;NC;GA;CT;NH;VT;AK;CO;MD;AR;SC,WA;CA;ID;MT;RI;ME;TX;IL;MO;TN;OR;OK;NB;IA;IN;OH;KY;WV;VA;AL;MS;LA;DE;NJ;MN;NV;MA;UT;AZ;NM;MI;NC;GA;CT;NH;VT;AK;CO;MD;AR;SC,WA;ID;MT;CA;NV;UT;CO;MN;GA;SC;NC;CT;RI;ME
Apricots,yellow;orange,NA,NA,NA,NA,CA;NM,CA;NM;WA,CA;NM;WA;MI;KY;OR;CO;VT;NH,WA;OR;CO;NM;KY;VT;NH;RI,RI,NA,NA,NA
Asian Pears,yellow,NA,NA,NA,NA,CA,CA,CA;FL,CA;OR;MI;AR;KY;FL;NH;VT,WA;CA;OR;MI;AR;KY;FL;NH;VT,WA;CA;OR;MI;AR;KY;FL;NH;VT,WA,NA
Asparagus,green;white,CA,CA;NM,CA;NM;MO;AR;MS,CA;NM;MO;AR;MS;MN;MI;PA;DE;IL,CA;NM;MN;MO;AR;MS;TN;IL;IN;OH;MI;PA;VA;MD;DE;NJ;RI,CA;NM;MN;MO;AR;MS;TN;IL;IN;OH;MI;PA;VA;MD;DE;NJ;RI;WA;KY;NY,CA;NM;MN;MO;AR;MS;TN;IL;IN;OH;MI;PA;VA;MD;DE;NJ;RI;OR;VT;NH;ME,CA,CA,CA,CA,NA
Avocados,green,CA;FL,CA;HI;FL,CA;HI;FL,CA;HI,CA,CA;FL,CA;FL,CA;FL,CA;HI;FL,CA;HI;FL,CA;HI;FL,CA;HI;FL
Beets,red;purple;yellow,CA;TX;MN;ME;DE,CA;TX;MN;ME,CA;MN;ME,CA;OK,CA;OK;MS;WA,WA;CA;MN;OK;MS;NJ;MA,WA;OR;CA;NM;CO;KS;LA;MS;TN;KY;MN;MI;PA;MD;NJ;CT;NJ;RI;VT;NH;ME,WA;OR;CA;NM;CO;KS;LA;MS;KY;MN;MI;PA;MD;NJ;CT;NJ;RI;VT;NH;ME,WA;OR;CA;NM;CO;KS;LA;MS;KY;MN;MI;PA;NJ;CT;NJ;RI;VT;NH;ME,WA;CA;NM;OK;KS;MN;KY;MS;PA;NJ;NY;VT;NH;ME;CT;RI,WA;CA;NM;TX;OK;MN;MS;PA;NY;RI;ME,CA;TX;OK;MN;PA;RI;ME
Blackberries,blue;purple,NA,NA,NA,TX,CA;TX;FL,WA;CA;TX;OK;MO;AR;MS;TN;FL;MI,CA;WA;OR;NM;OK;IA;MO;LA;MS;FL;TN;KY;IN;OH;MI;KY;MD;NJ;RI;AR,WA;OR;NM;LA;FL;MO;TN;KY;VA;NJ;VT;NH;ME;IA;OH;RI,WA;OR;NM;LA;FL;TN;VT;NH,WA;TN,WA,NA
Blueberries,blue,NA,NA,NA,FL;GA,FL;GA;TX;AL;MS;SC;CA,WA;CA;TX;OK;IA;MO;AL;MS;GA;SC;FL;OH;IN;MD;NJ;MD;VA;TN,WA;OR;CA;AZ;TX;OK;IA;MO;LA;MS;AL;GA;TN;IN;OH;NC;KYMD;NJ;CT;MA,WA;OR;AK;AZ;MI;MO;KY;VA;LA;TN;NY;VT;NH;ME;MA;DE;CT;IA;IN;AL;NJ,WA;OR;MO;LA;NY;AK,WA;NY;MO,WA,NA
Broccoli,green,CA;TX;FL;RI,CA;TX;FL,CA;TX;FL;MI,CA;MI;NC;FL,CA;OK;MO;AR;TN;NC;FL;NY;NJ,WA;CA;AK;MT;NE;KS;OK;IA;MO;IN;KY;PA;NJ;DE;NY;NH;VT;RI;CT;ME;TN;AR,WA;OR;CA;AK;MT;CO;UT;WY;ND;SD;NE;KS;MN;IA;MO;IN;OH;KY;PA;MD;NJ;NY;VT;NH;RI;CT;ME,WA;OR;CA;AK;UT;WY;CO;MT;ND;SD;MN;IA;KY;OH;MD;NY;VT;NH;NJ;MD;MA;ME,CA;OR;UT;CO;WY;MN;ND;SC;MN;IA;MO;LA;MI;IN;OH;KY;WV;VA;MD;PA;CT;RI;MD;VT;NH;ME;AK,CA;OR;NM;KS;OK;LA;AR;MO;IA;MN;MI;IN;OH;TN;NC;VA;WV;PA;NJ;NY;RI;UT;WY;CO;NH;VT;CT,CA;NM;TX;LA;AR;MO;IA;MN;IN;OH;WV;VA;NC;FL;PA;NY;RI;TN,CA;TX;MN;IA;PA;FL;NY;RI;MO;LA
Cabbage,green;white,CA;MN;TX;FL;NY;ME;RI,CA;MN;TX;FL;RI;ME;NY,CA;MN;TX;MI;FL;ME,CA;ND;SD;TX;MI;GA;SC;FL,CA;ND;SD;TX;MO;AR;IL;AL;GA;NC;SC;TN;FL,WA;CA;MT;ND;SD;NE;KS;NM;TX;IA;MO;IL;IA;OH;AL;TN;NC;SC;FL;NY;PA;NJ;MD;DE;CT;DE;MD;VT;NH;ME,WA;CA;OR;AK;MT;CO;UT;WY;NM;TX;ND;SC;NE;KS;MN;IA;MO;IL;IN;OH;KY;TN;AL;NC;WV;PA;MD;NJ;NY;MA;CT;RI;VT;NH;ME,WA;OR;CA;AK;UT;MT;WY;CO;NM;TX;ND;SD;MN;IA;MI;IN;OH;KY;TN;AL;NC;WV;PA;NJ;MD;DE;NY;CT;RI;MA;VT;NH;ME,WA;OR;CA;AK;MT;UT;WY;CO;TX;ND;SD;KS;MN;IA;MO;AR;LA;IL;IN;MI;OH;KY;TN;GA;NC;PA;NY;NJ;MA;RI;ME;CT;WV;AL,WA;OR;CA;AK;MT;UT;WY;CO;TX;ND;SD;KS;MN;IA;MO;AR;LA;IL;IN;MI;OH;KY;TN;GA;NC;PA;NY;NJ;MA;RI;ME;CT;WV;AL,CA;WA;OR;AK;TX;MT;ND;SD;MN;IA;IL;KY;AR;LA;TN;GA;FL;NC;PA;NY;RI;ME;MO;IN;OH;NJ,CA;ND;SD;MN;IA;TX;GA;FL;PA;NY;RI;ME;AK;LA;NC
Cantaloupe,green;orange,NA,NA,FL,FL,TX;SC;FL,TX;MO;AL;FL;SC;NC;NH;TN;MS,TX;OK;MO;AR;LA;KY;TN;AL;MS;FL;SC;NC;VA;MI;PA;DE;CT;NH;VT;MD,OR;WY;OK;MO;AR;LA;MS;AL;TN;KY;VA;SC;MI;PA;MD;DE;CT;MA;VT;NH;ME,OR;CO;OK;MO;AR;LA;AL;TN;KY;MI;PA;MD;DE;CT;VT;NH;ME,CO;TX;OK;MO;CT;RI,TX,NA
Carrots,orange,WA;CA;MT;AK;TX;MN;GA;FL;NY;ME;RI;HI,WA;CA;MT;AK;TX;MN;GA;FL;NY;ME;RI;HI,WA;CA;MT;AK;TX;MN;GA;FL;NY;ME;RI;HI,CA;AK;FX;GA;FL;RI;AK;NY,CA;TX;GA;TN;FL;ME,WA;CA;MT;NE;KS;TX;A;IL;TN;AL;GA;FL;RI;ME,WA;CA;OR;MT;CO;UT;WY;NM;TX;LA;MN;IA;KY;WV;PA;NY;RI;CT;ME;WI;AL;VT;NH;DE;KS;NE,WA;CA;OR;AK;MT;CO;UT;WY;NM;TX;LA;MN;IA;FL;KY;WV;PA;NY;RI;CT;ME;HI;KS;WI;AL;VT;NH;DE,WA;CA;OR;AK;MT;CO;UT;WY;NM;TX;LA;MN;IA;FL;KY;WV;PA;NY;RI;CT;ME;HI;KS;WI;AL;VT;NH;DE,WA;CA;OR;AK;MT;CO;UT;WY;NM;TX;LA;MN;IA;FL;KY;WV;PA;NY;RI;CT;ME;HI;KS;WI,WA;CA;OR;AK;MT;CO;UT;WY;NM;TX;LA;MN;IA;FL;KY;WV;PA;NY;RI;CT;ME,WA;CA;AK;MT;TX;MN;IA;GA;FL;PA;NY;RI;ME;LA
Cauliflower,green;white,CA;TX;FL;RI,CA;TX;FL,CA;TX;FL,WA;CA;TX;MN;FL,CA;WA;MN;OK;AL;TN;FL,WA;CA;KS;OK;AL;MN;PA;DE;CT;MA,WA;AK;ND;MN;AL;PA;NY;RI;CT,AK;WA;CO;ND;MN;IA;IL;NY;MA;DE;RI,CA;NM;CO;KS;ND;MN;IA;IL;IN;OH;LA;AL;PA;DE;NJ;CT;MA;ME;AK,CA;NM;WY;KS;OK;MN;LA;AL;IL;IN;OH;PA;DE;NY;CT;ME,CA;NM;TX;LA;AL;FL;IN;OH;MN;PA;NY;RI;DE,CA;TX;MN;FL;RI;NY;NJ;IN;OH;LA
Celery,green,CA;TX;FL;PA,CA;TX;FL;PA,CA;TX;FL,CA;TX;FL,CA;FL,CA;FL;PA,CA;OR;CA;MNKY;PA;NY;VT;NH;RI,CA;AK;WA;OR;CO;MN;KY;PA;NY;VT;NH;RI;MA,CA;WA;CO;MN;IA;NY;PA;MA;RI;AK,WA;CA;IA;PA;NY;RI;CO,CA;WA;IA;PA;RI;FL,CA;TX;IA;PA;FL
Cherries,red,NA,NA,NA,CA,CA;MO;IL,CA;WA;OR;NM;WY;MT;AR;IL;MI;TN;KY;WV;CT;NH;VT;UH;CO;MD;RI;NJ,CA;WA;OR;NM;WY;MT;AR;IL;MI;TN;KY;WV;CT;NH;VT;UH;CO;MD;RI,MT;WA,NA,NA,NA,NA
Chinese Cabbage,green;white,CA,CA,CA,CA;MN,CA;MN,CA;MN;RI,RI,RI,RI;CA,CA;RI;MN;TN,CA;RI;MN;TN,CA;MN
Corn,yellow,FL,FL,FL,FL,AL;GA;SC;FL,WA;OK;MO;AL;MS;GA;SC;TN;FL;MD;DE,WA;AZ;CO;KS;OK;ND;MN;WI;MO;AR;LA;IN;OH;TN;MS;GA;SC;FL;VA;PA;MD;DE;NJ;CT;NH;VT;ME,WA;OR;AZ;CO;ND;MN;MO;AR;LA;MI;IN;OH;TN;MS;GA;FL;PA;NJ;CT;NH;VT;ME;MD;DE;SC;WI;KY,WA;OR;AZ;CO;ND;MN;MO;AR;LA;MI;IN;OH;TN;MS;GA;FL;PA;NJ;CT;NH;VT;ME;MD;DE,WA;OR;FL;GA;PA;CO;MO,FL,FL
Cucumber,green;yellow,FL;HI,FL;HI,FL;HI,FL;TX;HI,CA;TX;OK;MO;AR;AL;GA;SC;FL,WA;CA;NV;AK;HI;NM;TX;OK;MO;AR;TV;AL;MS;GA;NC;SC;FL;IN;OH;VA;DE;NJ;CT;MA;ME,AK;WA;OR;CA;NV;AZ;CO;NM;TX;OK;KS;ND;MN;IA;MO;AR;LA;WI;MI;IN;OH;KY;TN;GA;NC;VA;MD;DE;PA;CT;MA;VT;NH;ME;HI,OR;CA;NV;AK;NM;CO;TX;OK;ND;MN;IA;MO;IL;KY;TN;MS;GA;SC;NC;VA;HI;DE;PA;NY;VT;H;ME;CT;RI;MI;WI;MD;DE;NJ;MA,OR;CA;NV;AK;NM;CO;TX;OK;ND;MN;IA;MO;IL;KY;TN;MS;GA;SC;NC;VA;HI;DE;PA;NY;VT;H;ME;CT;RI,CA;CO;NM;TX;OK;MO;IL;MS;GA;SC;NC;NY;DE;RI;HI,CA;NM;TX;MS;GA;SC;NC;FL;HI,CA;TX;FL;HI
Currants,purple;blue;red,NA,NA,NA,NA,NA,WA,WA;MN;RI;AK,WA;MN;RI;AK,MN;AK,NA,NA,NA
Eggplant,purple,FL,FL,FL,CA;FL,CA;FL;MS,WA;OR;CA;NM;ND;MN;MO;AR;LA;MS;LA;TN;NC;IL;IN;OH;PA;RI;MI,CA;WA;OR;NM;KS;ND;MN;MO;AR;LA;AL;MS;IL;IN;OH;KY;TN;NC;MI;PA;MD;NJ;DE;CT;RI;VT;NH;ME,WA;OR;CA;NM;OR;KS;ND;MN;IA;MO;AR;LA;AL;TN;KY;IN;OH;IL;MI;PA;NY;NJ;MD;DE;VT;NH;MA;RI;ME,CA;OR;NM;CO;KS;ND;MN;IA;MO;AR;LA;MS;AL;FL;IL;IN;KY;TN;MI;OH;PA;DE;NJ;NY;VT;NH;MA;ME,CA;NM;CO;KS;MO;IL;IN;OH;AL;FL;PA;DE;NY;NJ;CT,CA;NM;FL,FL
Fennel,green;white;yellow,CA,CA,CA,CA,CA,CA;RI,CA;MN;RI,CA;NM;MN;RI,CA;NM;MN;RI,CA;NM;MN;RI,CA;MN;NM;RI,CA;MN
Grapefruit,red;orange;yellow,CA;TX;FL,CA;TX;FL,CA;TX;FL,CA;TX;FL,CA;TX;FL,CA;TX;FL,CA;FL,CA,CA;LA,CA;TX;FL;LA,CA;TX;FL;LA,CA;TX;FL;LA
Grapes,"green,purple,red",NA,NA,NA,NA,CA;TX;FL,CA;AL;GA,CA;NM;IA;MO;IL;LA;TN;GA,CA;NM;IA;MO;LA;AL;GA;FL;TN;NC;MD;NJ;NY,CA;WA;WY;LA;AL;FL;GA;NC;VA;IN;OH;IL;MO;IA;NY;VT;NH;ME;NJ;RI;MD,WA;CA;NM;MO;IL;GA;VA;NY;NH;VT;ME;RI,CA;WA;NM,CA
Kale,red;green,CA;MN;RI,CA;MN;RI,CA;MN;RI,CA;MN;RI,CA;TN;RI;MN,CA;LA;TN;RI;MN,"CA;KS,IA;MN;LA;TN;VT;NH;MA",ND;LA;VT;NH;MA,"CA;KS,IA;MN;LA;TN;VT;NH;MA","CA;KS,IA;MN;LA;TN;VT;NH;MA",CA;MN;IA;TN;LA;VT;NH;MA,CA;IA;MN;LA;RI
Lettuce,purple;green;white,CA;NM;IA;PA;HI,CA;NM;HI;IA;PA,CA;HI;NM;OK;IA;PA,CA;HI;NM;OK;IA;PA,CA;NM;OK;KS;NE;MN;IA;MO;IL;PA;RI;ME,CA;HI;AK;WY;CO;NM;OK;ND;SD;LA;MN;IA;PA;NJ;NY;MD;CT;RI;ME;TN,CA;HI;AK;WY;CO;NM;OK;ND;SD;LA;MN;IA;PA;NJ;NY;MD;CT;RI;ME,AK;HI;CA;UT;CO;WY;NM;LA;ND;SD;MN;IL;PA;NJ;NY;MA;CT;RI;ME,CA;AK;HI;NM;UT;WY;CO;ND;SD;MN;IA;IL;PA;NJ;NY;MA;CT;RI;ME,CA;UT;WY;CO;NM;OK;LA;HI;MN;IA;IL;PA;NJ;NY;MA;CT;RI;ME,CA;HI;NM;MN;IA;PA;ME,CA;HI;NM;MN;IA;PA;ME
Lima Beans,green,NA,NA,NA,NA,AL,MS;AL,AL;MS;IN;OH;PA;NJ;KS;MO;TN,AL;MS;IN;OH;PA;NJ;KS;MO;TN,AL;MS;IN;OH;PA;NJ;KS;MO;TN,AL;MS;IN;OH;PA;NJ;KS;MO;TN,NA,NA
Mushrooms,brown;white,CA;WA;MN;TN;FL;RI;DE;CT,CA;WA;MN;TN;FL;RI;DE;CT,CA;WA;MN;TN;FL;RI;DE;CT,CA;WA;MN;TN;FL;RI;DE;CT,CA;WA;MN;TN;FL;RI;DE;CT,CA;WA;MN;TN;FL;RI;DE;CT,CA;TX;TN;FL;MN;TN;DE;RI;CT,CA;TX;TN;FL;MN;TN;DE;RI;CT,WA;CA;TX;TN;FL;MN;TN;DE;RI;CT;ND,WA;CA;TX;TN;FL;MN;TN;DE;RI;CT,CA;WA;MN;TN;FL;RI;DE;CT,WA;CA;TX;TN;FL;MN;TN;DE;RI;CT
Nectarines,orange;red,NA,NA,NA,CA,CA;TX;AL,WA;CA;NM;TX;AL;AR;MO;IL,CA;OR;WA;NM;LA;AL;AR;MO;IL;IN;OH;MI;KY;VA;MD;NJ;CT;RI;VT;NH,CA;OR;WA;NM;LA;AL;AR;MO;IL;IN;OH;MI;KY;VA;MD;NJ;CT;RI;VT;NH,CA;OR;NM;MO;IL;LA;CT;RI,CA;RI,NA,NA
Okra,green;white,CA;FL,CA;FL,CA;FL,CA;FL,CA;AL;FL,CA;NM;OK;MO;IL;LA;AL;MS;FL;NC,CA;AZ;NM;OK;LA;MN;MO;IL;IN;OH;TN;AL;MS;FL;NJ;RI;NC,CA;AZ;NM;OK;LA;MN;MO;IL;IN;OH;TN;AL;MS;FL;NJ;RI,CA;AZ;NM;OK;LA;MN;MO;IL;IN;OH;TN;AL;MS;FL;NJ;RI,CA;NM;MO;MN;IL;LA;FL;NJ;MS;IN;OH;TN,CA;FL;MN;LA,CA;FL;MN;LA
Onions,green;white,CA;AK;NM;TX;UT;WY;CO;MT;ND;SD;NE;KS;MO;IA;MN;WI;IL;IN;OH;WV;TN;FL;NY;MA;CT;RI;NJ;ME,CA;WA;MT;CO;MN;FL;NY;ME;RI,CA;WA;MT;TX;MN;FL;NY;ME;RI,CA;TX;OK;AL;FL;IL;NY;ME;RI,CA;TX;OK;MO;IL;TN;AL;FL;RI,CA;WA;MT;NM;TX;OK;IA;MO;LA;AL;FL;TN;IL;IN;OH;WV;NJ,CA;WA;MT;SD;ND;NM;TX;OK;LA;FL;MO;TN;IL;IN;OH;WV;IA;WI;MN;NJ;MA;CT;RI;ME,CA;AK;NM;TX;UT;WY;CO;MT;ND;SD;NE;KS;MO;IA;MN;WI;IL;IN;OH;WV;TN;FL;NY;MA;CT;RI;NJ;ME,CA;AK;NM;UT;CO;WY;MT;WA;ND;SD;MN;IA;MO;LA;IL;WI;IN;OH;FL;NY;NJ;MA;RI;CT;ME,CA;WA;MT;CO;WY;UT;MN;IA;FL;NY;RI;ME;WI;IL;MO,CA;WA;MT;CO;WY;UT;MN;IA;FL;NY;RI;ME;LA,CA;WA;MT;CO;WY;UT;MN;IA;FL;NY;RI;ME
Oranges,orange,CA;HI;TX;FL,CA;HI;TX;FL,CA;HI;TX;FL,CA;HI;TX;FL,CA;HI;TX;FL,CA;HI;FL,CA;HI;FL,CA;HI,CA;HI;LA,CA;TX;LA;FL;HI,CA;TX;LA;FL;HI,CA;TX;LA;FL;HI
Peaches,orange;red;yellow,NA,NA,NA,TX,CA;TX;AL;MS;GA;SC,WA;CA;MT;NM;TX;OK;AR;MO;IL;MI;AL;MS;GA;SC;NC;TN;NC;DE,CA;WA;OR;MT;NM;TX;OK;NE;IA;MO;AR;LA;IL;IN;OH;MI;AL;MS;GA;SC;NC;WV;VA;MD;DE;NJ;NY;CT;RI,CA;WA;OR;MT;WY;CO;NM;AZ;UT;NE;OK;TX;IA;MO;AR;LA;MS;AL;IN;IL;OH;MI;SC;NC;VA;WV;MD;DE;NY;NJ;MA;CT;RI,CA;OR;UT;AZ;OK;MO;AR;LA;MI;SC;NC;MD;MA;CT;RI,CA;RI,CA;RI,NA
Pears,green;red;yellow,CA,CA,NA,NA,TX,CA;TX;LA,CA;TX;LA;MO,WA;CA;NM;OK;LA;MO;LA;NY;CT;RI;AL;VT;NH;NY;ME;MD;TN;KY;TX,WA;CA;NM;OK;LA;MO;LA;NY;CT;RI;AL;VT;NH;NY;ME;MD;TN;KY;CO,WA;CA;NM;OK;LA;MO;LA;NY;CT;RI;AL;VT;NH;NY;ME;MD;TN;KY,WA;CA;NM;OK;LA;MO;LA;NY;CT;RI,WA;CT;CA;LA
Peas,green,NA,NM,NM,CA;WA;NM;OK;IL;MN,CA;WA;NM;KS;MN;IL;IN;OH;MI;MS;PA;NJ;MA;RI;DE,CA;WA;NM;KS;MN;IL;IN;OH;MI;MS;PA;NJ;MA;RI;DE,CA;OR;WA;AK;NM;ND;LA;IL;KY;TN;MS;NC;NY;NH;VT;MA;RI;ME;KS,CA;WA;OR;AK;LA;ND;IL;KY;TN;NC;MS;MA;ME,CA;ND;IL;TN;AL;LA;MA;AK,CA;OK;LA;MS;IL;RI,CA;LA;IL,LA
Pecan,brown;white,AL;TX;OK,AL,AL,AL,AL,AL,AL,AL,NM;AL;GA;MS,TX;TN;MS;GA;AZ;NM;OK,TX;TN;NC;MS;GA;AZ;NM;OK,TX;TN;NC;MS;GA
Pistachio,green;brown,CA,CA,CA,CA,CA,CA,CA,CA,TX;TN;MS;GA;AZ;NM;OK,TX;TN;MS;GA;AZ;NM;OK,AZ;NM;CA,CA
Potatoes,white;yellow;red,WA;CA;AK;MT;CO;WY;FL;NY;RI;ME,WA;CA;AK;MT;WY;CO;FL;NY;ME;RI,CA;AK;WY;CO;TX;FL;NY;RI;ME;MT;WA,CA;AK;WY;CO;TX;FL;NY;RI;ME,AK;CA;MT;CO;WY;TX;OK;AR;MS;LS;FL;MI;ME,CA;WA;MT;WY;CO;NM;TX;OK;KS;NE;MO;AR;LA;MI;WI;IL;KY;AL;MS;FL;NC;OH;WV;NY;VT;NH;ME,WA;OR;CA;NV;AK;UT;MT;CO;WY;NM;TX;SD;NE;KS;OK;LA;AR;MO;IA;MN;WI;IL;IN;OH;MI;KY;WV;NC;MS;LA;FL;MD;DE;NJ;NY;MA;CT;RI;NH;VT;ME,ME;VT;NH;MA;RI;CT;NY;NJ;PA;MD;WV;KY;OH;IN;IH;WI;MN;IA;MO;LA;TX;KS;SD;NM;CO;WY;MT;UT;NV;WA;OR;CA;AK;AL;MS,ME;VT;NH;MA;RI;CT;NY;NJ;PA;MD;WV;KY;OH;IN;IH;WI;MN;IA;MO;LA;TX;KS;SD;NM;CO;WY;MT;UT;NV;WA;OR;CA;AK;AL,WA;OR;CA;NV;AK;NM;CO;WY;MT;KS;MN;IA;MO;IL;WI;LA;WV;PA;NJ;NY;MA;CT;RI;ME,AK;WA;OR;CA;NV;UT;CO;WY;NM;OK;LA;MO;IA;MN;IL;PA;NY;RI;CT;ME,ME;CT;RI;NY;PA;IA;MN;OK;WY;CO;AK;CA;WA;OR;LA;MO
Pumpkin,orange,NA,NA,NA,ME,ME,ME,OK;MO;ME,OK;MO;IL;DE;RI;ME,WA;OR;MT;NM;CO;KS;OK;LA;MS;AL;AR;MO;IA;WI;MI;IN;IL;OH;KY;TN;NC;VA;PA;MD;RI;NY;VT;NH;MA,WA;OR;NV;AZ;NM;CO;MT;OK;LA;MS;AL;AR;MO;IA;MN;WI;MI;IN;OH;KY;TN;NC;VA;PA;MD;DE;NY;VT;NH;MA,WA;NV;AZ;NM;OK;LA;MO;IA;MN;IL;PA;RI;MD,RI;PA;MN;IA;MO;LA
Radishes,red;white,CA;NM;FL,CA;NM;FL,CA;NM;OK;FL,CA;NM;KS;OK;MN;FL;ME,WA;CA;NM;OK;MO;IL;MN;FL;NY;ME;RI,CA;WA;NM;MN;MO;IL;FL;NY;MA;ME,WA;CA;AK;ND;MO;IL;NY;MA;RI;ME,WA;CA;AK;ND;MO;IL;NY;MA;RI;ME,CA;WA;AK;NM;KS;OK;ND;MO;IL;LA;NY;MA;RI;ME,CA;WA;NM;OK;LA;FL;MO;IL;NY;RI,WA;CA;NM;OK;LA;FL;NY;RI,CA;NM;FL;RI;LA
Raspberries,red,MN,MN,MN,CA;MN,CA;MN;TN,CA;WA;OR;NM;MN;MO;TN;VA;MD;CT;RI,WA;OR;CA;AK;NM;MT;ND;MN;IA;AR;MO;WI;MI;IN;OH;KY;TN;NY;CT;NJ;ME,CA;WA;NM;MN;NY;CT;VA;MO;IA;CO;AR;TN;KY;VA;MD;NJ;RI;MI;OH;OR;VT;NH,CA;WA;NM;MN;NY;CT;VA;MO;IA;CO;AR;TN;KY;VA;MD;NJ;RI;MI;OH;OR,CA;WA;NM;MN;NY;CT;VA;MO;IA;CO,CA;WA;NM;MN,MN
Rhubarb,red;green,WA,WA,WA,CA;OR;NM;MN,CA;WA;OR;CO;MN;MO;AR;IL;KY;TN;MI;NY;RI;VT;NH;ME,CA;WA;OR;CO;MN;MO;AR;IL;KY;TN;MI;NY;RI,CA;OR;CO;ND;MO;IL;KY;NY;RI,CA;AK;CO;ND;MO;IL;KY;NY;RI,CA;AK;CO;ND;MO;IL;RI,CA;MO;RI;IL;AK,CA,NA
Rutabaga,green;brown,CA;MN;ME,CA;MN;ME,CA;MN,CA;MN,CA,NA,WA,AL;WA;RI,AK;WA;LA;ME;RI,ME;RI;MN;CA;LA;WA,ME;RI;MN;CA;LA;WA,ME;RI;MN;CA;LA
Scallions,green;white,CA;AL,CA;AL,CA;AL;GA,CA;KS;MO;AL;GA;RI;MN;ME,CA;MN;KS;MO;GA;RI;ME,AK;CA;MN;KS;MO;GA;RI;ME,CA;AK;ND;MN;MO;GA;ME;RI,AK;CA;ND;MN;MO;GA;RI;ME,CA;AK;ND;MN;MO;GA;RI;ME,CA;MN;MO;GA;RI,CA;RI;MN;GA;MO,CA;MN;RI
SnowPea,green,NA,NA,NA,NA,NA,WA;CA;OR;NV;AK;HI;UT;ID;MT;WY;CO;NM;AZ;TX;OK;NE;KS;ND;SD;MN;IA;MO;AR;LA;AL;MS;GA;SC;NC;FL;KY;TN;WV;VA;IN;IL;OH;WI;MI;PA;NJ;MD;DE;NY;RI;CT;MA;VT;NH;ME,WA;CA;OR;NV;AK;HI;UT;ID;MT;WY;CO;NM;AZ;TX;OK;NE;KS;ND;SD;MN;IA;MO;AR;LA;AL;MS;GA;SC;NC;FL;KY;TN;WV;VA;IN;IL;OH;WI;MI;PA;NJ;MD;DE;NY;RI;CT;MA;VT;NH;ME,WA;CA;OR;NV;AK;HI;UT;ID;MT;WY;CO;NM;AZ;TX;OK;NE;KS;ND;SD;MN;IA;MO;AR;LA;AL;MS;GA;SC;NC;FL;KY;TN;WV;VA;IN;IL;OH;WI;MI;PA;NJ;MD;DE;NY;RI;CT;MA;VT;NH;ME,WA;CA;OR;NV;AK;HI;UT;ID;MT;WY;CO;NM;AZ;TX;OK;NE;KS;ND;SD;MN;IA;MO;AR;LA;AL;MS;GA;SC;NC;FL;KY;TN;WV;VA;IN;IL;OH;WI;MI;PA;NJ;MD;DE;NY;RI;CT;MA;VT;NH;ME,WA;CA;OR;NV;AK;HI;UT;ID;MT;WY;CO;NM;AZ;TX;OK;NE;KS;ND;SD;MN;IA;MO;AR;LA;AL;MS;GA;SC;NC;FL;KY;TN;WV;VA;IN;IL;OH;WI;MI;PA;NJ;MD;DE;NY;RI;CT;MA;VT;NH;ME,WA;CA;OR;NV;AK;HI;UT;ID;MT;WY;CO;NM;AZ;TX;OK;NE;KS;ND;SD;MN;IA;MO;AR;LA;AL;MS;GA;SC;NC;FL;KY;TN;WV;VA;IN;IL;OH;WI;MI;PA;NJ;MD;DE;NY;RI;CT;MA;VT;NH;ME,WA;CA;OR;NV;AK;HI;UT;ID;MT;WY;CO;NM;AZ;TX;OK;NE;KS;ND;SD;MN;IA;MO;AR;LA;AL;MS;GA;SC;NC;FL;KY;TN;WV;VA;IN;IL;OH;WI;MI;PA;NJ;MD;DE;NY;RI;CT;MA;VT;NH;ME
Spinach,green,CA;IA;TX;HI,CA;NM;TX;IA;FL;HI,CA;NM;TX;HI;IA;MO;VA;FL,CA;WA;NM;TX;HI;MN;IA;MO;IL;IN;OH;VA;NJ;DE;CT,CA;WA;NM;HI;MN;IA;MO;IL;IN;OH;PA;NY;CT;NJ;MD;DE;VA;TN,CA;WA;MN;KS;IA;MO;IL;IN;OH;TN;VA;NY;MD;CT;RI;NJ;DE;ME,CA;WA;ND;HI;MD,CA;WA;HI;ND;IA;MD;RI,WA;CA;TX;LA;IA;MO;VA;RI;HI;PA;ME,WA;CA;TX;LA;IA;MO;VA;RI;HI;PA;ME,WA;CA;TX;LA;IA;MO;VA;RI;HI,CA;TX;IA;MO;VA;HI;LA
Sprouts,green;yellow,RI,RI;CA,RI,CA;OK,MO;OK,MO,DE;RI;CA,CA;RI;DE;AK,WA;OR;CA;KY;PA;NH;VT;RI;ME;AK,WA;OR;CA;MN;IA;OK;KY;PA;VT;NH;RI;ME,WA;OR;CA;MN;IA;OK;KY;PA;VT;NH;RI;ME,CA;MN;IA;OK;PA;RI
Squash,yellow;orange;green,CA;WA;TX;FL;NY;RI;ME,WA;CA;FL;NY;RI;ME,WA;FL;NY;ME,FL;TX,AL;CA;TX;OK;IL;MS;GA;FL,WA;CA;NV;NM;KS;OK;MO;AR;LA;IL;IN;MI;OH;MS;AL;FL;TN;GA;NC;VA;PA;MD;DE;NJ;NY;CT;RI,CA;WA;OR;AK;AZ;NM;TX;ND;OK;IA;MO;AR;LA;MI;KS;TN;SC;VA;PA;NY;VT;NH;ME;CT;RI;MS;AL;NC;KY,CA;WA;OR;AK;AZ;CO;NM;TX;KS;OK;IA;MO;AR;LA;FL;WI;MI;KS;TN;SC;VA;PA;NY;VT;NH;ME;CT;RI;MS;AL;NC;KY,CA;WA;OR;AK;AZ;CO;NM;TX;KS;OK;IA;MO;AR;LA;FL;WI;MI;KS;TN;SC;VA;PA;NY;VT;NH;ME;CT;RI;MS;AL;NC;KY,CA;WA;OR;AK;AZ;CO;NM;TX;KS;OK;IA;MO;AR;LA;FL;WI;MI;KS;TN;SC;VA;PA;NY;VT;NH;ME;CT;RI,WA;CA;AZ;CO;NM;TX;OK;LA;FL;IA;MO;IL;PA;NY;CT;RI;ME,WA;CA;TX;IA;MO;FL;PA;NY;CT;RI;ME
Strawberries,red,CA;FL,CA;FL,CA;TX;AL;MS;GA;FL,CA;TX;AL;MS;GA;FL;NC;MN,CA;HI;FL;MS;AL;GA;NC;TN;AR;MO;MN;IL;IN;OH;MI;MD;NJ;RI,CA;WA;OR;MT;WY;CO;NE;MN;IA;AR;MO;WI;MI;IN;IL;OH;NY;MD;NJ;CT;RI;VT;NH;ME,CA;AK;WA;OR;UT;CO;WY;MT;SD;ND;MN;MO;KY;WV;MI;MD;ME,WA;CA;AK;UT;CO;WY;MT;ND;SD;MN;MO;WV;KY,CA;AK;UT;CO;WY;ND;SD;MN,CA,FL,FL
Sweet Potato,yellow;orange;purple,HI;TX;MN;MS;TN;NC;RI,HI;TX;MN;MS;TN;NC,TX;HI;MS;TN;MN,AL;HI;TX;NC,AL;TX;HI;TN;NC,HI;MS;NC,NM;HI;AL;MS;NC,HI;NM;TX;MO;IL;MS;AL;SC;NC;RI,CA;NM;TX;LA;AL;MS;GA;SC;NC;MD;RI;MO;IL;MN;MI;KS;,CA;NM;TX;LA;AL;MS;GA;SC;NC;MD;RI;MO;IL;MN;MI;KS;HI,CA;NM;TX;LA;AL;MS;GA;SC;NC;MD;RI;MO;IL;MN,MN;RI;NC;SC;TX;CA;MO
Tomatoes,red;green,NA,NA,NA,NA,CA;AK;HI;TX;MO;AL;GA;FL;PA;CT;ME,WA;CA;AK;HI;MT;TX;OK;MO;IL;LA;AL;MS;TN;GA;SC;FL;PA;NY;CT;RI;ME,WA;CA;OR;NV;AK;HI;UT;MT;WY;CO;NM;TX;OK;NE;KS;ND;SD;MN;IA;MO;AR;LA;AL;MS;GA;SC;NC;FL;KY;TN;WV;VA;IN;IL;OH;WI;MI;PA;NJ;MD;DE;NY;RI;CT;VT;NH;ME,WA;CA;OR;NV;AK;HI;UT;MT;WY;CO;NM;AZ;TX;OK;NE;KS;ND;SD;MN;IA;MO;AR;LA;AL;MS;NC;KY;TN;WV;VA;IN;IL;OH;WI;MI;PA;NJ;MD;DE;NY;RI;CT;MA;VT;NH;ME,WA;CA;OR;NV;HI;UT;MT;WY;CO;NM;AZ;TX;OK;NE;KS;ND;SD;MN;IA;MO;AR;LA;AL;MS;SC;NC;FL;KY;TN;WV;VA;IN;IL;OH;MI;PA;DE;NY;RI;CT;MA;VT;NH;ME,CA;WA;OR;NM;TX;MT;OK;LA;HI;MO;IL;MS;GA;SC;NC;FL;WV;VA;PA;NY;CT;RI;ME,CA;NM;TX;LA;FL;HI;SC;PA;NY,PA;FL;TX;CA;HI;LA
Turnips,red;white,WA;CA;AK;MT;CO;WY;FL;NY;RI;ME,WA;CA;AK;MT;WY;CO;FL;NY;ME;RI,CA;AK;WY;CO;TX;FL;NY;RI;ME;MT;WA,CA;AK;WY;CO;TX;FL;NY;RI;ME,AK;CA;MT;CO;WY;TX;OK;AR;MS;LS;FL;MI;ME,CA;WA;MT;WY;CO;NM;TX;OK;KS;NE;MO;AR;LA;MI;WI;IL;KY;AL;MS;FL;NC;OH;WV;NY;VT;NH;ME,WA;OR;CA;NV;AK;UT;MT;CO;WY;NM;TX;SD;NE;KS;OK;LA;AR;MO;IA;MN;WI;IL;IN;OH;MI;KY;WV;NC;MS;LA;FL;MD;DE;NJ;NY;MA;CT;RI;NH;VT;ME,ME;VT;NH;MA;RI;CT;NY;NJ;PA;MD;WV;KY;OH;IN;IH;WI;MN;IA;MO;LA;TX;KS;SD;NM;CO;WY;MT;UT;NV;WA;OR;CA;AK;AL;MS,ME;VT;NH;MA;RI;CT;NY;NJ;PA;MD;WV;KY;OH;IN;IH;WI;MN;IA;MO;LA;TX;KS;SD;NM;CO;WY;MT;UT;NV;WA;OR;CA;AK;AL,WA;OR;CA;NV;AK;NM;CO;WY;MT;KS;MN;IA;MO;IL;WI;LA;WV;PA;NJ;NY;MA;CT;RI;ME,AK;WA;OR;CA;NV;UT;CO;WY;NM;OK;LA;MO;IA;MN;IL;PA;NY;RI;CT;ME,ME;CT;RI;NY;PA;IA;MN;OK;WY;CO;AK;CA;WA;OR;LA;MO
Watermelon,red;white,NA,NA,FL,FL,TX;SC;FL,TX;MO;AL;FL;SC;NC;NH;TN;MS,TX;OK;MO;AR;LA;KY;TN;AL;MS;FL;SC;NC;VA;MI;PA;DE;CT;NH;VT;MD,OR;WY;OK;MO;AR;LA;MS;AL;TN;KY;VA;SC;MI;PA;MD;DE;CT;MA;VT;NH;ME,OR;CO;OK;MO;AR;LA;AL;TN;KY;MI;PA;MD;DE;CT;VT;NH;ME,CO;TX;OK;MO;CT;RI,TX,NA
Zucchini,green;white,CA;WA;TX;FL;NY;RI;ME,WA;CA;FL;NY;RI;ME,WA;FL;NY;ME,FL;TX,AL;CA;TX;OK;IL;MS;GA;FL,WA;CA;NV;NM;KS;OK;MO;AR;LA;IL;IN;MI;OH;MS;AL;FL;TN;GA;NC;VA;PA;MD;DE;NJ;NY;CT;RI,CA;WA;OR;AK;AZ;NM;TX;ND;OK;IA;MO;AR;LA;MI;KS;TN;SC;VA;PA;NY;VT;NH;ME;CT;RI;MS;AL;NC;KY,CA;WA;OR;AK;AZ;CO;NM;TX;KS;OK;IA;MO;AR;LA;FL;WI;MI;KS;TN;SC;VA;PA;NY;VT;NH;ME;CT;RI;MS;AL;NC;KY,CA;WA;OR;AK;AZ;CO;NM;TX;KS;OK;IA;MO;AR;LA;FL;WI;MI;KS;TN;SC;VA;PA;NY;VT;NH;ME;CT;RI;MS;AL;NC;KY,CA;WA;OR;AK;AZ;CO;NM;TX;KS;OK;IA;MO;AR;LA;FL;WI;MI;KS;TN;SC;VA;PA;NY;VT;NH;ME;CT;RI,WA;CA;AZ;CO;NM;TX;OK;LA;FL;IA;MO;IL;PA;NY;CT;RI;ME,WA;CA;TX;IA;MO;FL;PA;NY;CT;RI;ME